0,1
0.jpg,Adhered
1.jpg,Adhered
2.jpg,Adhered
3.jpg,Steel
4.jpg,Steel
5.jpg,Adhered
6.jpg,Steel
7.jpg,Adhered
8.jpg,Adhered
9.jpg,Adhered
10.jpg,Adhered
11.jpg,Adhered
12.jpg,Adhered
13.jpg,Adhered
14.jpg,Adhered
15.jpg,Steel
16.jpg,Adhered
17.jpg,Adhered
18.jpg,Adhered
19.jpg,Adhered
20.jpg,Adhered
21.jpg,Adhered
22.jpg,Adhered
23.jpg,Adhered
24.jpg,Adhered
25.jpg,Steel
26.jpg,Steel
27.jpg,Adhered
28.jpg,Adhered
29.jpg,Adhered
30.jpg,Adhered
31.jpg,Adhered
32.jpg,Adhered
33.jpg,Adhered
34.jpg,Adhered
35.jpg,Adhered
36.jpg,Steel
37.jpg,Adhered
38.jpg,Adhered
39.jpg,Adhered
40.jpg,Adhered
41.jpg,Adhered
42.jpg,Adhered
43.jpg,Adhered
44.jpg,Steel
45.jpg,Adhered
46.jpg,Adhered
47.jpg,Adhered
48.jpg,Adhered
49.jpg,Adhered
50.jpg,Adhered
51.jpg,Steel
52.jpg,Adhered
53.jpg,Adhered
54.jpg,Adhered
55.jpg,Adhered
56.jpg,Adhered
57.jpg,Adhered
58.jpg,Adhered
59.jpg,Adhered
60.jpg,Adhered
61.jpg,Adhered
62.jpg,Adhered
63.jpg,Steel
64.jpg,Steel
65.jpg,Steel
66.jpg,Adhered
67.jpg,Adhered
68.jpg,Adhered
69.jpg,Adhered
70.jpg,Adhered
71.jpg,Adhered
72.jpg,Adhered
73.jpg,Steel
74.jpg,Adhered
75.jpg,Adhered
76.jpg,Adhered
77.jpg,Concrete
78.jpg,Adhered
79.jpg,Adhered
80.jpg,Adhered
81.jpg,Adhered
82.jpg,Adhered
83.jpg,Adhered
84.jpg,Adhered
85.jpg,Adhered
86.jpg,Adhered
87.jpg,Adhered
88.jpg,Concrete
89.jpg,Steel
90.jpg,Adhered
91.jpg,Steel
92.jpg,Adhered
93.jpg,Adhered
94.jpg,Steel
95.jpg,Adhered
96.jpg,Concrete
97.jpg,Adhered
98.jpg,Adhered
99.jpg,Adhered
100.jpg,Adhered
101.jpg,Adhered
102.jpg,Adhered
103.jpg,Adhered
104.jpg,Adhered
105.jpg,Adhered
106.jpg,Adhered
107.jpg,Adhered
108.jpg,Adhered
109.jpg,Adhered
110.jpg,Adhered
111.jpg,Adhered
112.jpg,Adhered
113.jpg,Adhered
114.jpg,Adhered
115.jpg,Concrete
116.jpg,Adhered
117.jpg,Adhered
118.jpg,Steel
119.jpg,Adhered
120.jpg,Adhered
121.jpg,Adhered
122.jpg,Steel
123.jpg,Adhered
124.jpg,Adhered
125.jpg,Concrete
126.jpg,Adhered
127.jpg,Concrete
128.jpg,Steel
129.jpg,Adhered
130.jpg,Adhered
131.jpg,Adhered
132.jpg,Adhered
133.jpg,Adhered
134.jpg,Adhered
135.jpg,Adhered
136.jpg,Adhered
137.jpg,Adhered
138.jpg,Adhered
139.jpg,Steel
140.jpg,Adhered
141.jpg,Concrete
142.jpg,Adhered
143.jpg,Adhered
144.jpg,Steel
145.jpg,Adhered
146.jpg,Adhered
147.jpg,Adhered
148.jpg,Adhered
149.jpg,Adhered
150.jpg,Adhered
151.jpg,Adhered
152.jpg,Adhered
153.jpg,Adhered
154.jpg,Adhered
155.jpg,Adhered
156.jpg,Adhered
157.jpg,Adhered
158.jpg,Adhered
159.jpg,Adhered
160.jpg,Adhered
161.jpg,Adhered
162.jpg,Adhered
163.jpg,Adhered
164.jpg,Adhered
165.jpg,Adhered
166.jpg,Adhered
167.jpg,Adhered
168.jpg,Adhered
169.jpg,Adhered
170.jpg,Adhered
171.jpg,Adhered
172.jpg,Adhered
173.jpg,Adhered
174.jpg,Adhered
175.jpg,Adhered
176.jpg,Adhered
177.jpg,Adhered
178.jpg,Adhered
179.jpg,Adhered
180.jpg,Adhered
181.jpg,Adhered
182.jpg,Adhered
183.jpg,Adhered
184.jpg,Adhered
185.jpg,Adhered
186.jpg,Adhered
187.jpg,Adhered
188.jpg,Steel
189.jpg,Adhered
190.jpg,Steel
191.jpg,Adhered
192.jpg,Adhered
193.jpg,Adhered
194.jpg,Adhered
195.jpg,Adhered
196.jpg,Adhered
197.jpg,Adhered
198.jpg,Adhered
199.jpg,Adhered
200.jpg,Adhered
201.jpg,Steel
202.jpg,Adhered
203.jpg,Adhered
204.jpg,Adhered
205.jpg,Steel
206.jpg,Adhered
207.jpg,Adhered
208.jpg,Concrete
209.jpg,Adhered
210.jpg,Adhered
211.jpg,Adhered
212.jpg,Adhered
213.jpg,Adhered
214.jpg,Adhered
215.jpg,Steel
216.jpg,Adhered
217.jpg,Adhered
218.jpg,Adhered
219.jpg,Adhered
220.jpg,Adhered
221.jpg,Adhered
222.jpg,Adhered
223.jpg,Adhered
224.jpg,Adhered
225.jpg,Adhered
226.jpg,Adhered
227.jpg,Adhered
228.jpg,Adhered
229.jpg,Adhered
230.jpg,Adhered
231.jpg,Adhered
232.jpg,Steel
233.jpg,Adhered
234.jpg,Adhered
235.jpg,Adhered
236.jpg,Adhered
237.jpg,Adhered
238.jpg,Adhered
239.jpg,Adhered
240.jpg,Adhered
241.jpg,Adhered
242.jpg,Adhered
243.jpg,Adhered
244.jpg,Adhered
245.jpg,Adhered
246.jpg,Adhered
247.jpg,Steel
248.jpg,Adhered
249.jpg,Adhered
250.jpg,Shingle
251.jpg,Adhered
252.jpg,Steel
253.jpg,Adhered
254.jpg,Adhered
255.jpg,Adhered
256.jpg,Adhered
257.jpg,Adhered
258.jpg,Adhered
259.jpg,Adhered
260.jpg,Adhered
261.jpg,Adhered
262.jpg,Adhered
263.jpg,Adhered
264.jpg,Adhered
265.jpg,Adhered
266.jpg,Adhered
267.jpg,Adhered
268.jpg,Adhered
269.jpg,Concrete
270.jpg,Adhered
271.jpg,Adhered
272.jpg,Steel
273.jpg,Adhered
274.jpg,Adhered
275.jpg,Adhered
276.jpg,Adhered
277.jpg,Adhered
278.jpg,Adhered
279.jpg,Adhered
280.jpg,Adhered
281.jpg,Adhered
282.jpg,Steel
283.jpg,Adhered
284.jpg,Adhered
285.jpg,Adhered
286.jpg,Steel
287.jpg,Concrete
288.jpg,Steel
289.jpg,Adhered
290.jpg,Adhered
291.jpg,Adhered
292.jpg,Steel
293.jpg,Adhered
294.jpg,Adhered
295.jpg,Steel
296.jpg,Adhered
297.jpg,Adhered
298.jpg,Adhered
299.jpg,Adhered
300.jpg,Adhered
301.jpg,Steel
302.jpg,Adhered
303.jpg,Adhered
304.jpg,Adhered
305.jpg,Adhered
306.jpg,Adhered
307.jpg,Adhered
308.jpg,Adhered
309.jpg,Steel
310.jpg,Steel
311.jpg,Adhered
312.jpg,Steel
313.jpg,Adhered
314.jpg,Steel
315.jpg,Steel
316.jpg,Adhered
317.jpg,Adhered
318.jpg,Steel
319.jpg,Adhered
320.jpg,Adhered
321.jpg,Steel
322.jpg,Adhered
323.jpg,Steel
324.jpg,Steel
325.jpg,Steel
326.jpg,Steel
327.jpg,Steel
328.jpg,Steel
329.jpg,Adhered
330.jpg,Adhered
331.jpg,Adhered
332.jpg,Adhered
333.jpg,Adhered
334.jpg,Concrete
335.jpg,Adhered
336.jpg,Adhered
337.jpg,Adhered
338.jpg,Steel
339.jpg,Adhered
340.jpg,Adhered
341.jpg,Adhered
342.jpg,Adhered
343.jpg,Adhered
344.jpg,Adhered
345.jpg,Adhered
346.jpg,Adhered
347.jpg,Adhered
348.jpg,Adhered
349.jpg,Adhered
350.jpg,Adhered
351.jpg,Steel
352.jpg,Adhered
353.jpg,Steel
354.jpg,Adhered
355.jpg,Adhered
356.jpg,Adhered
357.jpg,Adhered
358.jpg,Shingle
359.jpg,Adhered
360.jpg,Adhered
361.jpg,Adhered
362.jpg,Adhered
363.jpg,Adhered
364.jpg,Adhered
365.jpg,Adhered
366.jpg,Adhered
367.jpg,Steel
368.jpg,Steel
369.jpg,Steel
370.jpg,Adhered
371.jpg,Steel
372.jpg,Steel
373.jpg,Adhered
374.jpg,Steel
375.jpg,Adhered
376.jpg,Adhered
377.jpg,Adhered
378.jpg,Adhered
379.jpg,Steel
380.jpg,Adhered
381.jpg,Adhered
382.jpg,Adhered
383.jpg,Adhered
384.jpg,Adhered
385.jpg,Adhered
386.jpg,Adhered
387.jpg,Adhered
388.jpg,Steel
389.jpg,Concrete
390.jpg,Adhered
391.jpg,Steel
392.jpg,Concrete
393.jpg,Adhered
394.jpg,Steel
395.jpg,Adhered
396.jpg,Steel
397.jpg,Steel
398.jpg,Steel
399.jpg,Adhered
400.jpg,Adhered
401.jpg,Adhered
402.jpg,Adhered
403.jpg,Steel
404.jpg,Steel
405.jpg,Adhered
406.jpg,Adhered
407.jpg,Adhered
408.jpg,Adhered
409.jpg,Adhered
410.jpg,Shingle
411.jpg,Steel
412.jpg,Adhered
413.jpg,Steel
414.jpg,Adhered
415.jpg,Adhered
416.jpg,Adhered
417.jpg,Adhered
418.jpg,Adhered
419.jpg,Adhered
420.jpg,Adhered
421.jpg,Steel
422.jpg,Adhered
423.jpg,Adhered
424.jpg,Steel
425.jpg,Adhered
426.jpg,Adhered
427.jpg,Adhered
428.jpg,Concrete
429.jpg,Adhered
430.jpg,Adhered
431.jpg,Adhered
432.jpg,Adhered
433.jpg,Adhered
434.jpg,Adhered
435.jpg,Adhered
436.jpg,Adhered
437.jpg,Adhered
438.jpg,Steel
439.jpg,Adhered
440.jpg,Adhered
441.jpg,Adhered
442.jpg,Adhered
443.jpg,Adhered
444.jpg,Adhered
445.jpg,Adhered
446.jpg,Adhered
447.jpg,Adhered
448.jpg,Adhered
449.jpg,Adhered
450.jpg,Steel
451.jpg,Adhered
452.jpg,Steel
453.jpg,Adhered
454.jpg,Steel
455.jpg,Adhered
456.jpg,Adhered
457.jpg,Steel
458.jpg,Adhered
459.jpg,Adhered
460.jpg,Adhered
461.jpg,Adhered
462.jpg,Adhered
463.jpg,Adhered
464.jpg,Steel
465.jpg,Steel
466.jpg,Steel
467.jpg,Adhered
468.jpg,Adhered
469.jpg,Adhered
470.jpg,Adhered
471.jpg,Adhered
472.jpg,Adhered
473.jpg,Adhered
474.jpg,Adhered
475.jpg,Adhered
476.jpg,Adhered
477.jpg,Steel
478.jpg,Adhered
479.jpg,Adhered
480.jpg,Steel
481.jpg,Steel
482.jpg,Adhered
483.jpg,Adhered
484.jpg,Adhered
485.jpg,Steel
486.jpg,Adhered
487.jpg,Steel
488.jpg,Adhered
489.jpg,Adhered
490.jpg,Adhered
491.jpg,Adhered
492.jpg,Adhered
493.jpg,Adhered
494.jpg,Adhered
495.jpg,Adhered
496.jpg,Adhered
497.jpg,Adhered
498.jpg,Adhered
499.jpg,Adhered
500.jpg,Steel
501.jpg,Adhered
502.jpg,Adhered
503.jpg,Adhered
504.jpg,Adhered
505.jpg,Adhered
506.jpg,Adhered
507.jpg,Adhered
508.jpg,Adhered
509.jpg,Steel
510.jpg,Adhered
511.jpg,Adhered
512.jpg,Steel
513.jpg,Adhered
514.jpg,Adhered
515.jpg,Adhered
516.jpg,Steel
517.jpg,Steel
518.jpg,Steel
519.jpg,Adhered
520.jpg,Adhered
521.jpg,Adhered
522.jpg,Adhered
523.jpg,Adhered
524.jpg,Adhered
525.jpg,Adhered
526.jpg,Adhered
527.jpg,Adhered
528.jpg,Adhered
529.jpg,Steel
530.jpg,Adhered
531.jpg,Steel
532.jpg,Adhered
533.jpg,Adhered
534.jpg,Steel
535.jpg,Adhered
536.jpg,Adhered
537.jpg,Steel
538.jpg,Adhered
539.jpg,Adhered
540.jpg,Shingle
541.jpg,Steel
542.jpg,Adhered
543.jpg,Adhered
544.jpg,Steel
545.jpg,Adhered
546.jpg,Steel
547.jpg,Adhered
548.jpg,Steel
549.jpg,Adhered
550.jpg,Steel
551.jpg,Steel
552.jpg,Adhered
553.jpg,Adhered
554.jpg,Adhered
555.jpg,Adhered
556.jpg,Adhered
557.jpg,Adhered
558.jpg,Steel
559.jpg,Adhered
560.jpg,Steel
561.jpg,Adhered
562.jpg,Adhered
563.jpg,Steel
564.jpg,Adhered
565.jpg,Adhered
566.jpg,Adhered
567.jpg,Adhered
568.jpg,Adhered
569.jpg,Adhered
570.jpg,Steel
571.jpg,Adhered
572.jpg,Adhered
573.jpg,Adhered
574.jpg,Steel
575.jpg,Adhered
576.jpg,Adhered
577.jpg,Adhered
578.jpg,Adhered
579.jpg,Adhered
580.jpg,Adhered
581.jpg,Adhered
582.jpg,Adhered
583.jpg,Steel
584.jpg,Adhered
585.jpg,Adhered
586.jpg,Adhered
587.jpg,Concrete
588.jpg,Adhered
589.jpg,Adhered
590.jpg,Adhered
591.jpg,Steel
592.jpg,Adhered
593.jpg,Steel
594.jpg,Steel
595.jpg,Adhered
596.jpg,Concrete
597.jpg,Adhered
598.jpg,Adhered
599.jpg,Adhered
600.jpg,Steel
601.jpg,Adhered
602.jpg,Adhered
603.jpg,Adhered
604.jpg,Adhered
605.jpg,Adhered
606.jpg,Adhered
607.jpg,Adhered
608.jpg,Adhered
609.jpg,Steel
610.jpg,Concrete
611.jpg,Adhered
612.jpg,Adhered
613.jpg,Adhered
614.jpg,Adhered
615.jpg,Adhered
616.jpg,Adhered
617.jpg,Adhered
618.jpg,Adhered
619.jpg,Steel
620.jpg,Adhered
621.jpg,Adhered
622.jpg,Adhered
623.jpg,Adhered
624.jpg,Adhered
625.jpg,Steel
626.jpg,Adhered
627.jpg,Adhered
628.jpg,Adhered
629.jpg,Adhered
630.jpg,Adhered
631.jpg,Steel
632.jpg,Adhered
633.jpg,Steel
634.jpg,Adhered
635.jpg,Adhered
636.jpg,Steel
637.jpg,Adhered
638.jpg,Steel
639.jpg,Adhered
640.jpg,Concrete
641.jpg,Adhered
642.jpg,Adhered
643.jpg,Steel
644.jpg,Adhered
645.jpg,Adhered
646.jpg,Adhered
647.jpg,Steel
648.jpg,Adhered
649.jpg,Steel
650.jpg,Concrete
651.jpg,Adhered
652.jpg,Adhered
653.jpg,Steel
654.jpg,Adhered
655.jpg,Concrete
656.jpg,Adhered
657.jpg,Adhered
658.jpg,Adhered
659.jpg,Adhered
660.jpg,Adhered
661.jpg,Adhered
662.jpg,Adhered
663.jpg,Adhered
664.jpg,Adhered
665.jpg,Adhered
666.jpg,Steel
667.jpg,Adhered
668.jpg,Steel
669.jpg,Adhered
670.jpg,Steel
671.jpg,Steel
672.jpg,Adhered
673.jpg,Adhered
674.jpg,Adhered
675.jpg,Adhered
676.jpg,Adhered
677.jpg,Adhered
678.jpg,Adhered
679.jpg,Adhered
680.jpg,Adhered
681.jpg,Concrete
682.jpg,Steel
683.jpg,Concrete
684.jpg,Steel
685.jpg,Steel
686.jpg,Adhered
687.jpg,Adhered
688.jpg,Adhered
689.jpg,Adhered
690.jpg,Adhered
691.jpg,Adhered
692.jpg,Adhered
693.jpg,Adhered
694.jpg,Adhered
695.jpg,Adhered
696.jpg,Adhered
697.jpg,Adhered
698.jpg,Shingle
699.jpg,Adhered
700.jpg,Adhered
701.jpg,Adhered
702.jpg,Adhered
703.jpg,Adhered
704.jpg,Adhered
705.jpg,Adhered
706.jpg,Adhered
707.jpg,Adhered
708.jpg,Adhered
709.jpg,Adhered
710.jpg,Adhered
711.jpg,Adhered
712.jpg,Adhered
713.jpg,Steel
714.jpg,Adhered
715.jpg,Steel
716.jpg,Adhered
717.jpg,Adhered
718.jpg,Adhered
719.jpg,Adhered
720.jpg,Adhered
721.jpg,Adhered
722.jpg,Adhered
723.jpg,Adhered
724.jpg,Adhered
725.jpg,Adhered
726.jpg,Adhered
727.jpg,Adhered
728.jpg,Adhered
729.jpg,Adhered
730.jpg,Adhered
731.jpg,Adhered
732.jpg,Adhered
733.jpg,Adhered
734.jpg,Adhered
735.jpg,Adhered
736.jpg,Steel
737.jpg,Steel
738.jpg,Adhered
739.jpg,Adhered
740.jpg,Adhered
741.jpg,Adhered
742.jpg,Adhered
743.jpg,Adhered
744.jpg,Adhered
745.jpg,Adhered
746.jpg,Adhered
747.jpg,Steel
748.jpg,Adhered
749.jpg,Adhered
750.jpg,Adhered
751.jpg,Steel
752.jpg,Adhered
753.jpg,Adhered
754.jpg,Adhered
755.jpg,Adhered
756.jpg,Adhered
757.jpg,Adhered
758.jpg,Adhered
759.jpg,Adhered
760.jpg,Adhered
761.jpg,Steel
762.jpg,Adhered
763.jpg,Adhered
764.jpg,Adhered
765.jpg,Adhered
766.jpg,Adhered
767.jpg,Steel
768.jpg,Adhered
769.jpg,Adhered
770.jpg,Adhered
771.jpg,Adhered
772.jpg,Adhered
773.jpg,Adhered
774.jpg,Adhered
775.jpg,Adhered
776.jpg,Adhered
777.jpg,Steel
778.jpg,Steel
779.jpg,Steel
780.jpg,Adhered
781.jpg,Adhered
782.jpg,Steel
783.jpg,Adhered
784.jpg,Steel
785.jpg,Adhered
786.jpg,Adhered
787.jpg,Steel
788.jpg,Steel
789.jpg,Adhered
790.jpg,Steel
791.jpg,Steel
792.jpg,Adhered
793.jpg,Adhered
794.jpg,Adhered
795.jpg,Adhered
796.jpg,Adhered
797.jpg,Steel
798.jpg,Adhered
799.jpg,Adhered
800.jpg,Adhered
801.jpg,Adhered
802.jpg,Adhered
803.jpg,Adhered
804.jpg,Adhered
805.jpg,Adhered
806.jpg,Adhered
807.jpg,Adhered
808.jpg,Steel
809.jpg,Adhered
810.jpg,Adhered
811.jpg,Concrete
812.jpg,Adhered
813.jpg,Adhered
814.jpg,Adhered
815.jpg,Adhered
816.jpg,Adhered
817.jpg,Adhered
818.jpg,Steel
819.jpg,Adhered
820.jpg,Adhered
821.jpg,Steel
822.jpg,Steel
823.jpg,Steel
824.jpg,Adhered
825.jpg,Adhered
826.jpg,Steel
827.jpg,Adhered
828.jpg,Adhered
829.jpg,Adhered
830.jpg,Adhered
831.jpg,Adhered
832.jpg,Shingle
833.jpg,Adhered
834.jpg,Adhered
835.jpg,Shingle
836.jpg,Steel
837.jpg,Steel
838.jpg,Adhered
839.jpg,Shingle
840.jpg,Adhered
841.jpg,Adhered
842.jpg,Concrete
843.jpg,Adhered
844.jpg,Adhered
845.jpg,Adhered
846.jpg,Steel
847.jpg,Steel
848.jpg,Adhered
849.jpg,Steel
850.jpg,Adhered
851.jpg,Adhered
852.jpg,Steel
853.jpg,Adhered
854.jpg,Steel
855.jpg,Adhered
856.jpg,Adhered
857.jpg,Steel
858.jpg,Steel
859.jpg,Adhered
860.jpg,Steel
861.jpg,Adhered
862.jpg,Adhered
863.jpg,Adhered
